{
  "input_size": 13,
  "hidden_size": 32,
  "output_size": 1,
  "labels": [
    "wait:300"
  ],
  "w1": [
    [
      0.05577071938315348,
      -0.18999569791093324,
      -0.0899882726523523,
      -0.1107157047404709,
      0.09458848566560496,
      0.07067979496916454,
      0.1568718270819382,
      -0.16522446694823356,
      -0.03123127212589183,
      -0.18808111222477186,
      -0.11254481007855865,
      0.002142115241344944,
      -0.18938561212645455
    ],
    [
      -0.12046493972534061,
      0.05995377511180927,
      0.01797659224128667,
      -0.11182375118372133,
      0.03570627355036349,
      0.12377218267113066,
      -0.1974004961287756,
      0.12232770073312316,
      0.07925575799529072,
      -0.06389979339280324,
      -0.13780820007528738,
      0.18288522888271247,
      -0.0653621819549493
    ],
    [
      -0.16290166264794084,
      -0.1613134492666144,
      0.13899774653898395,
      0.04149041254675642,
      0.12285130930975208,
      0.09189271467752713,
      0.014491236581880285,
      0.18924630559174827,
      -0.0485862491166586,
      0.02081625250929081,
      0.13176186570119797,
      0.04740790094569841,
      0.14468276012431092
    ],
    [
      0.030940858102704805,
      0.08182873448596939,
      -0.18167024653773511,
      -0.10884068973938127,
      -0.08424481455915714,
      -0.168083209230549,
      -0.10688364545558793,
      -0.15959942823610837,
      -0.08881055875596316,
      0.054273777705760085,
      -0.054067128411966314,
      -0.051927613153246954,
      -0.11619718769140493
    ],
    [
      -0.09320887118035466,
      0.1746618350849976,
      0.059214154098637395,
      0.04365240226679529,
      -0.13154454072076122,
      0.09165071918013967,
      -0.13463900249522864,
      -0.04821782329694088,
      0.1958093402546381,
      0.05599990394163712,
      0.022779897509858482,
      0.07384570039594984,
      0.13714076807592385
    ],
    [
      0.11039996461849794,
      -0.10838077121435825,
      -0.1871599024383849,
      -0.07381878077636725,
      -0.09290364960971892,
      -0.11560686256546943,
      0.1771638857340218,
      0.15054705058906753,
      -0.07412884768060884,
      0.062175466117951994,
      -0.041747239575734285,
      0.16581903589621744,
      -0.01645925896504047
    ],
    [
      -0.09404793340077902,
      -0.10134899692240662,
      0.02454725366526031,
      -0.0949033565908259,
      0.03383439608941621,
      0.15912915344099082,
      -0.04023979794384108,
      -0.11227169633708667,
      0.1990150425980441,
      0.003810517470585806,
      -0.16363623513048245,
      -0.18115344983010617,
      -0.15614034785973635
    ],
    [
      0.05097841668123604,
      0.11683174574518568,
      -0.031136013280126384,
      -0.17458891753921715,
      -0.047352285397385285,
      0.19844855209603873,
      0.011645738039654796,
      0.18843135104544728,
      0.14431188089379926,
      -0.19540759122287216,
      0.08828872774407787,
      0.07268414761062991,
      0.01478813216351807
    ],
    [
      -0.09326992401898289,
      0.05638471943192325,
      -0.15537913056164943,
      -0.02609389973235801,
      -0.018510517468317417,
      0.18152637100843205,
      0.15034117615127762,
      -0.0946443796995637,
      0.00023444522011933921,
      -0.12853924778794745,
      0.16505113573792823,
      0.14820742793470676,
      -0.08062208342054684
    ],
    [
      0.055579797946402054,
      0.043588084575268915,
      -0.1388642925801461,
      0.1050043200300605,
      0.015751612047850305,
      0.1114505914522233,
      0.012141468878070993,
      -0.19977124154882261,
      -0.07033757719813077,
      -0.19220930304566708,
      0.17163944650584684,
      0.15148875112927368,
      0.1326662117444718
    ],
    [
      -0.07699434983893544,
      -0.176829933402325,
      0.15120383968161621,
      0.17877977811919765,
      -0.1657386191728485,
      -0.005603814673354496,
      -0.17231499261264657,
      0.10424086610289263,
      0.10633377172279512,
      -0.1486434142000949,
      -0.009887048760507472,
      0.019921437397977554,
      -0.09397734842397637
    ],
    [
      0.148973216434103,
      -0.030744823919645226,
      -0.11528071782316718,
      0.01571843551178334,
      0.09197242763599045,
      -0.11953957464412164,
      -0.07531348347964202,
      0.19805974266435789,
      0.05995122305578138,
      -0.024759966434198366,
      0.0070303364142362545,
      -0.1515983216526937,
      -0.11012106518737706
    ],
    [
      -0.06476577514101786,
      0.035323487382893315,
      -0.1079541069613692,
      -0.11191304621937621,
      -0.17160276559638699,
      0.05244118290803956,
      -0.10842328647553826,
      0.16216800520245117,
      0.1438541601014986,
      -0.17165706004453862,
      -0.10479814625240191,
      0.06759111131851225,
      -0.11430527705182457
    ],
    [
      -0.14707526050999,
      0.1742056962322684,
      0.02841723733011378,
      -0.010931589475282333,
      0.11384776971630134,
      0.1229987991066574,
      -0.12383603425524892,
      -0.16122767430847068,
      -0.02757952703744898,
      -0.03056855079203169,
      -0.013190132785330017,
      0.09163033978394025,
      0.06934581891732061
    ],
    [
      0.19366608454638645,
      -0.16063285153921647,
      -0.038951487159092496,
      -0.06427895784201473,
      0.14466901454111641,
      -0.10053746643188576,
      -0.12391643662367541,
      -0.020554580866747246,
      -0.03124734406623833,
      -0.08858194213322382,
      -0.10007742084715981,
      0.16930623971040515,
      -0.022747701978617224
    ],
    [
      0.14453964190473223,
      0.020130124979939212,
      -0.17976466819004752,
      0.19971298736509063,
      0.1344110340319808,
      0.1875985029139005,
      0.17054679320325106,
      0.13947829376572218,
      -0.1334755557584344,
      -0.005743549819712618,
      -0.11450108032032734,
      -0.03958388298021895,
      -0.17654584001112844
    ],
    [
      -0.048410752409233565,
      0.19412353751189038,
      -0.09391877673113923,
      0.11362824077942774,
      -0.01799665306434267,
      -0.030797005603934835,
      0.1829270563438693,
      0.19816907579708554,
      0.022307329362247275,
      0.08736331011853038,
      -0.13808126989037436,
      -0.08131686980217433,
      0.18748374598766354
    ],
    [
      0.03167211632650249,
      0.016878080549709684,
      0.09919022415162565,
      -0.17713389083700679,
      0.03367103778358849,
      0.0011401531678054133,
      0.14108795681931413,
      -0.1370269088242067,
      0.18431156130978016,
      -0.16795541390376525,
      -0.12567001560771074,
      0.038014042580011065,
      0.07008502144163609
    ],
    [
      -0.10591844199962752,
      -0.15204535442115033,
      0.15611492565177504,
      -0.10151386088455006,
      0.03780766141337649,
      0.04775260413284124,
      -0.03231003386565101,
      0.03346891571648988,
      0.009113086212783561,
      0.17388250309457093,
      -0.11829632023058544,
      0.08647672031576592,
      -0.1045256189536616
    ],
    [
      -0.04168566128349821,
      0.06867608918398849,
      -0.08000116808049512,
      -0.0735291214912584,
      0.10074579696576086,
      -0.1709827542027371,
      -0.01668579095256556,
      0.19938177634177695,
      0.19843857914203777,
      -0.17069571156014682,
      -0.11473827509318385,
      -0.09391983409983946,
      0.17330375119748365
    ],
    [
      0.15234566947457584,
      0.1517080969938171,
      -0.05218916450444641,
      -0.1369012670571072,
      0.13349798185592282,
      0.08141597003494838,
      0.04467110629038004,
      0.19489322545260174,
      0.06159052708429302,
      -0.19687075713913682,
      0.1268416540461847,
      -0.08024849912000885,
      0.06535548598643093
    ],
    [
      0.17557200157084157,
      -0.14628355424265294,
      -0.15382853183235912,
      -0.15718560891623296,
